,video_uid,qid,question,task,relevant_timestamps,mcq_test,answer_1,answer_2,answer_3,answer_4,answer_5,duration_in_seconds,scenarios,video_source,device
0,6fd90f8d-7a4d-425d-a812-3268db0b0342,6fd90f8d-7a4d-425d-a812-3268db0b0342_15_1,How can you get to the storage room from the living room? ,navigation/room_to_room_image,N/A,"A. navigation_images/6fd90f8d-7a4d-425d-a812-3268db0b0342/0/D.png
B. navigation_images/6fd90f8d-7a4d-425d-a812-3268db0b0342/0/B.png
C. navigation_images/6fd90f8d-7a4d-425d-a812-3268db0b0342/0/E.png
D. navigation_images/6fd90f8d-7a4d-425d-a812-3268db0b0342/0/C.png
E. navigation_images/6fd90f8d-7a4d-425d-a812-3268db0b0342/0/A.png",navigation_images/6fd90f8d-7a4d-425d-a812-3268db0b0342/0/D.png,navigation_images/6fd90f8d-7a4d-425d-a812-3268db0b0342/0/B.png,navigation_images/6fd90f8d-7a4d-425d-a812-3268db0b0342/0/E.png,navigation_images/6fd90f8d-7a4d-425d-a812-3268db0b0342/0/C.png,navigation_images/6fd90f8d-7a4d-425d-a812-3268db0b0342/0/A.png,3598.03,"Cleaning / laundry, Cooking, Eating, Gardening, Indoor Navigation (walking), Making coffee, Playing with pets, Talking on the phone, Talking with family members, Watching tv",kaust,GoPro Hero Black 7
1,6fd90f8d-7a4d-425d-a812-3268db0b0342,6fd90f8d-7a4d-425d-a812-3268db0b0342_22_34,Identify the actions taken by the camera wearer that involved the use of technology.,summarization/key_events_objects,N/A,"A. The camera wearer engaged with technology by using a mobile phone, adjusting a cooker, and operating a smart home system during various activities.
B. The camera wearer engaged with technology by using a mobile phone and watching television during various activities.
C. The camera wearer engaged with technology by using a mobile phone, adjusting a cooker, and programming a robotic vacuum during various activities.
D. The camera wearer engaged with technology by using a mobile phone, watching television, and adjusting a cooker during various activities.
E. The camera wearer engaged with technology by using a tablet, watching a computer monitor, and adjusting a microwave during various activities.","The camera wearer engaged with technology by using a mobile phone, adjusting a cooker, and operating a smart home system during various activities.",The camera wearer engaged with technology by using a mobile phone and watching television during various activities.,"The camera wearer engaged with technology by using a mobile phone, adjusting a cooker, and programming a robotic vacuum during various activities.","The camera wearer engaged with technology by using a mobile phone, watching television, and adjusting a cooker during various activities.","The camera wearer engaged with technology by using a tablet, watching a computer monitor, and adjusting a microwave during various activities.",3598.03,"Cleaning / laundry, Cooking, Eating, Gardening, Indoor Navigation (walking), Making coffee, Playing with pets, Talking on the phone, Talking with family members, Watching tv",kaust,GoPro Hero Black 7
2,6fd90f8d-7a4d-425d-a812-3268db0b0342,6fd90f8d-7a4d-425d-a812-3268db0b0342_3_35,What is the most likely activity the camera wearer will do next after finishing cleaning and storing various kitchen items?,reasoning/predictive,00:46:30,"A. The camera wearer will likely go outside to the front yard to tend to the plants, uprooting unwanted plants and installing a new sprinkler system.
B. The camera wearer will likely go outside to the back yard to compost leftover food.
C. The camera wearer will likely go outside to the back yard to dispose waste.
D. The camera wearer will likely go outside to the front yard to plant new seeds and remove dead leaves from the plants.
E. The camera wearer will likely go outside to the back yard to tend to the plants, uprooting and disposing of unwanted plants.","The camera wearer will likely go outside to the front yard to tend to the plants, uprooting unwanted plants and installing a new sprinkler system.",The camera wearer will likely go outside to the back yard to compost leftover food.,The camera wearer will likely go outside to the back yard to dispose waste.,The camera wearer will likely go outside to the front yard to plant new seeds and remove dead leaves from the plants.,"The camera wearer will likely go outside to the back yard to tend to the plants, uprooting and disposing of unwanted plants.",3598.03,"Cleaning / laundry, Cooking, Eating, Gardening, Indoor Navigation (walking), Making coffee, Playing with pets, Talking on the phone, Talking with family members, Watching tv",kaust,GoPro Hero Black 7
3,6fd90f8d-7a4d-425d-a812-3268db0b0342,6fd90f8d-7a4d-425d-a812-3268db0b0342_14_5,How can you retrieve the multi-colored tent from the bathroom? ,navigation/object_retrieval,N/A,"A. Exit the bathroom, turn right, and walk forward to the staircase. The tent is at the base of the stairs.  
B. Exit the bathroom, turn left, and walk towards the storage room. Turn right into the kitchen, and the tent is on the floor in front of the oven door. 
C. Exit the bathroom and go through the door on the right. Turn right, walk forward, and take the second entrance on the left into the living room. The tent is on the floor next to the couch. 
D. Exit the bathroom and go through the door on the right. Walk forward into the kitchen, and the ball is on the tent in front of the oven door. 
E. Exit the bathroom and go through the door on the right. Turn right and walk forward to the staircase. The tent is at the base of the stairs.","Exit the bathroom, turn right, and walk forward to the staircase. The tent is at the base of the stairs.","Exit the bathroom, turn left, and walk towards the storage room. Turn right into the kitchen, and the tent is on the floor in front of the oven door.","Exit the bathroom and go through the door on the right. Turn right, walk forward, and take the second entrance on the left into the living room. The tent is on the floor next to the couch.","Exit the bathroom and go through the door on the right. Walk forward into the kitchen, and the ball is on the tent in front of the oven door.",Exit the bathroom and go through the door on the right. Turn right and walk forward to the staircase. The tent is at the base of the stairs.,3598.03,"Cleaning / laundry, Cooking, Eating, Gardening, Indoor Navigation (walking), Making coffee, Playing with pets, Talking on the phone, Talking with family members, Watching tv",kaust,GoPro Hero Black 7
4,6fd90f8d-7a4d-425d-a812-3268db0b0342,6fd90f8d-7a4d-425d-a812-3268db0b0342_14_3,"If you are in the storage room, how can you retrieve the orange towel? ",navigation/object_retrieval,N/A,"A. Exit the storage room and turn left. Walk forward and through the bathroom door. The orange towel is hanging on the towel rack. 
B. Exit the storage room and walk forward to the staircase. Turn left into the living room and the orange towel is lying on the couch. 
C. Exit the storage room and turn left into the kitchen. The orange towel is hanging on the handle of the oven. 
D. Exit the storage room and turn left. Go through the first door on the left and walk forward into the kitchen. The orange towel is hanging on the handle of the oven. 
E. Exit the storage room and turn right. Go through the door, and then go through the door on the left into the bathroom. The orange towel is hanging on the towel rack.",Exit the storage room and turn left. Walk forward and through the bathroom door. The orange towel is hanging on the towel rack.,Exit the storage room and walk forward to the staircase. Turn left into the living room and the orange towel is lying on the couch.,Exit the storage room and turn left into the kitchen. The orange towel is hanging on the handle of the oven.,Exit the storage room and turn left. Go through the first door on the left and walk forward into the kitchen. The orange towel is hanging on the handle of the oven.,"Exit the storage room and turn right. Go through the door, and then go through the door on the left into the bathroom. The orange towel is hanging on the towel rack.",3598.03,"Cleaning / laundry, Cooking, Eating, Gardening, Indoor Navigation (walking), Making coffee, Playing with pets, Talking on the phone, Talking with family members, Watching tv",kaust,GoPro Hero Black 7
5,6fd90f8d-7a4d-425d-a812-3268db0b0342,6fd90f8d-7a4d-425d-a812-3268db0b0342_16_3,"If you are in the storage room, how can you retrieve the orange towel? ",navigation/object_retrieval_image,N/A,"A. navigation_images/6fd90f8d-7a4d-425d-a812-3268db0b0342/2/E.png
B. navigation_images/6fd90f8d-7a4d-425d-a812-3268db0b0342/2/D.png
C. navigation_images/6fd90f8d-7a4d-425d-a812-3268db0b0342/2/A.png
D. navigation_images/6fd90f8d-7a4d-425d-a812-3268db0b0342/2/B.png
E. navigation_images/6fd90f8d-7a4d-425d-a812-3268db0b0342/2/C.png",navigation_images/6fd90f8d-7a4d-425d-a812-3268db0b0342/2/E.png,navigation_images/6fd90f8d-7a4d-425d-a812-3268db0b0342/2/D.png,navigation_images/6fd90f8d-7a4d-425d-a812-3268db0b0342/2/A.png,navigation_images/6fd90f8d-7a4d-425d-a812-3268db0b0342/2/B.png,navigation_images/6fd90f8d-7a4d-425d-a812-3268db0b0342/2/C.png,3598.03,"Cleaning / laundry, Cooking, Eating, Gardening, Indoor Navigation (walking), Making coffee, Playing with pets, Talking on the phone, Talking with family members, Watching tv",kaust,GoPro Hero Black 7
6,6fd90f8d-7a4d-425d-a812-3268db0b0342,6fd90f8d-7a4d-425d-a812-3268db0b0342_6_8,"In the kitchen, which is closer to the fridge: the sink or the chopping board?",reasoning/spatial/proximity,N/A,"A. There is no chopping board.
B. The chopping board is closer to the fridge than the sink.
C. There is no sink.
D. The fridge is equidistant from both the sink and the chopping board.
E. The sink is closer to the fridge than the chopping board.",There is no chopping board.,The chopping board is closer to the fridge than the sink.,There is no sink.,The fridge is equidistant from both the sink and the chopping board.,The sink is closer to the fridge than the chopping board.,3598.03,"Cleaning / laundry, Cooking, Eating, Gardening, Indoor Navigation (walking), Making coffee, Playing with pets, Talking on the phone, Talking with family members, Watching tv",kaust,GoPro Hero Black 7
7,6fd90f8d-7a4d-425d-a812-3268db0b0342,6fd90f8d-7a4d-425d-a812-3268db0b0342_8_19,Select the correct statement regarding time duration of different events in the video,reasoning/temporal/duration,N/A,"A. Preparing and cooking the meal took longer than cleaning up after the meal.
B. Eating the meal with the man and cleaning and storing kitchen items afterwards had equal time durations.
C. Managing personal items took longer than arranging books and stationery.
D. Cleaning up after the meal took longer than preparing and cooking the meal.
E. Tending to the plants outside and interacting with technology had the same duration..",Preparing and cooking the meal took longer than cleaning up after the meal.,Eating the meal with the man and cleaning and storing kitchen items afterwards had equal time durations.,Managing personal items took longer than arranging books and stationery.,Cleaning up after the meal took longer than preparing and cooking the meal.,Tending to the plants outside and interacting with technology had the same duration..,3598.03,"Cleaning / laundry, Cooking, Eating, Gardening, Indoor Navigation (walking), Making coffee, Playing with pets, Talking on the phone, Talking with family members, Watching tv",kaust,GoPro Hero Black 7
8,6fd90f8d-7a4d-425d-a812-3268db0b0342,6fd90f8d-7a4d-425d-a812-3268db0b0342_11_12,What event immediately follows the camera wearer placing a kettle on the kitchen counter?,perception/information_retrieval/sequence_recall,N/A,"A. Starts the kettle to boil water.
B. Returns to the fridge to get milk.
C. Pours the tea into the cup.
D. Sits down to joint the man for the meal.
E. Carries the cup to where the man is eating.",Starts the kettle to boil water.,Returns to the fridge to get milk.,Pours the tea into the cup.,Sits down to joint the man for the meal.,Carries the cup to where the man is eating.,3598.03,"Cleaning / laundry, Cooking, Eating, Gardening, Indoor Navigation (walking), Making coffee, Playing with pets, Talking on the phone, Talking with family members, Watching tv",kaust,GoPro Hero Black 7
9,6fd90f8d-7a4d-425d-a812-3268db0b0342,6fd90f8d-7a4d-425d-a812-3268db0b0342_7_7,Select the correct statement about spatial relationships depicted in the video,reasoning/spatial/relationship,N/A,"A. The kettle is on the stove, which is part of the kitchen counter.
B. The frying pan is hung on a rack to the left of the sink.
C. The cabinet is situated to the right of the plastic box, next to the curtains.
D. The chopping board is kept in a drawer underneath the fridge.
E. The dining table is located in an alcove behind the television.","The kettle is on the stove, which is part of the kitchen counter.",The frying pan is hung on a rack to the left of the sink.,"The cabinet is situated to the right of the plastic box, next to the curtains.",The chopping board is kept in a drawer underneath the fridge.,The dining table is located in an alcove behind the television.,3598.03,"Cleaning / laundry, Cooking, Eating, Gardening, Indoor Navigation (walking), Making coffee, Playing with pets, Talking on the phone, Talking with family members, Watching tv",kaust,GoPro Hero Black 7
10,6fd90f8d-7a4d-425d-a812-3268db0b0342,6fd90f8d-7a4d-425d-a812-3268db0b0342_8_10,Select the correct statement regarding time duration of different events in the video,reasoning/temporal/duration,N/A,"A. Breakfast activities with the man and organizing the kitchen had the same time duration.
B. Arranging books and stationery was completed in a shorter time than managing personal items.
C. Tending to the plants outside took longer than interacting with technology.
D. Interacting with technology took longer than tending to the plants outside.
E. Both activities of preparing and cooking the meal and cleaning up after the meal took the same amount of time.",Breakfast activities with the man and organizing the kitchen had the same time duration.,Arranging books and stationery was completed in a shorter time than managing personal items.,Tending to the plants outside took longer than interacting with technology.,Interacting with technology took longer than tending to the plants outside.,Both activities of preparing and cooking the meal and cleaning up after the meal took the same amount of time.,3598.03,"Cleaning / laundry, Cooking, Eating, Gardening, Indoor Navigation (walking), Making coffee, Playing with pets, Talking on the phone, Talking with family members, Watching tv",kaust,GoPro Hero Black 7
11,6fd90f8d-7a4d-425d-a812-3268db0b0342,6fd90f8d-7a4d-425d-a812-3268db0b0342_6_38,"In the kitchen, which is nearer to the window shelf: the container or the plastic cup?",reasoning/spatial/proximity,N/A,"A. The plastic cup is nearer to the window shelf than the container.
B. There is no container.
C. The container is nearer to the window shelf than the plastic cup.
D. There is no plastic cup.
E. Both the container and the plastic cup are on the window shelf.",The plastic cup is nearer to the window shelf than the container.,There is no container.,The container is nearer to the window shelf than the plastic cup.,There is no plastic cup.,Both the container and the plastic cup are on the window shelf.,3598.03,"Cleaning / laundry, Cooking, Eating, Gardening, Indoor Navigation (walking), Making coffee, Playing with pets, Talking on the phone, Talking with family members, Watching tv",kaust,GoPro Hero Black 7
12,6fd90f8d-7a4d-425d-a812-3268db0b0342,6fd90f8d-7a4d-425d-a812-3268db0b0342_1_2,Why does the camera wearer first handle the pink sandals?,reasoning/causal,N/A,"A. To transition from going outdoors to indoors
B. To wash the sandals with a hose
C. To transition from going from thom the staircase into her room
D. To deliver the sandals to the man after walking outside
E. To transition from going indoors to outdoors",To transition from going outdoors to indoors,To wash the sandals with a hose,To transition from going from thom the staircase into her room,To deliver the sandals to the man after walking outside,To transition from going indoors to outdoors,3598.03,"Cleaning / laundry, Cooking, Eating, Gardening, Indoor Navigation (walking), Making coffee, Playing with pets, Talking on the phone, Talking with family members, Watching tv",kaust,GoPro Hero Black 7
13,6fd90f8d-7a4d-425d-a812-3268db0b0342,6fd90f8d-7a4d-425d-a812-3268db0b0342_7_27,Where is the kettle placed in relation to the kitchen counter?,reasoning/spatial/relationship,N/A,"A. The kettle is placed on the table to the right of the kitchen counter.
B. The kettle is stored in a cupboard to the left of the kitchen counter.
C. The kettle is on a shelf directly above the kitchen counter.
D. The kettle is on the stove, which is part of the kitchen counter.
E. The kettle is placed on a rolling cart opposite the kitchen counter.",The kettle is placed on the table to the right of the kitchen counter.,The kettle is stored in a cupboard to the left of the kitchen counter.,The kettle is on a shelf directly above the kitchen counter.,"The kettle is on the stove, which is part of the kitchen counter.",The kettle is placed on a rolling cart opposite the kitchen counter.,3598.03,"Cleaning / laundry, Cooking, Eating, Gardening, Indoor Navigation (walking), Making coffee, Playing with pets, Talking on the phone, Talking with family members, Watching tv",kaust,GoPro Hero Black 7
14,6fd90f8d-7a4d-425d-a812-3268db0b0342,6fd90f8d-7a4d-425d-a812-3268db0b0342_17_25,What item did the camera wearer place on the window shelf?,perception/information_retrieval/factual_recall,N/A,"A. Plastic cup
B. Glass jar
C. Metal canister
D. Ceramic vase
E. Wooden bowl",Plastic cup,Glass jar,Metal canister,Ceramic vase,Wooden bowl,3598.03,"Cleaning / laundry, Cooking, Eating, Gardening, Indoor Navigation (walking), Making coffee, Playing with pets, Talking on the phone, Talking with family members, Watching tv",kaust,GoPro Hero Black 7
15,6fd90f8d-7a4d-425d-a812-3268db0b0342,6fd90f8d-7a4d-425d-a812-3268db0b0342_7_20,Select the correct statement about spatial relationships depicted in the video,reasoning/spatial/relationship,N/A,"A. The chopping board is mounted on the wall to the left of the fridge.
B. The dining table is set diagonally to the left of the television.
C. The frying pan is on a shelf directly above the sink.
D. The cabinet is recessed into the wall behind the plastic box.
E. The kettle is stored in a cupboard to the left of the kitchen counter.",The chopping board is mounted on the wall to the left of the fridge.,The dining table is set diagonally to the left of the television.,The frying pan is on a shelf directly above the sink.,The cabinet is recessed into the wall behind the plastic box.,The kettle is stored in a cupboard to the left of the kitchen counter.,3598.03,"Cleaning / laundry, Cooking, Eating, Gardening, Indoor Navigation (walking), Making coffee, Playing with pets, Talking on the phone, Talking with family members, Watching tv",kaust,GoPro Hero Black 7
16,6fd90f8d-7a4d-425d-a812-3268db0b0342,6fd90f8d-7a4d-425d-a812-3268db0b0342_16_4,How can you retrieve the gray phone from the bathroom? ,navigation/object_retrieval_image,N/A,"A. navigation_images/6fd90f8d-7a4d-425d-a812-3268db0b0342/3/D.png
B. navigation_images/6fd90f8d-7a4d-425d-a812-3268db0b0342/3/B.png
C. navigation_images/6fd90f8d-7a4d-425d-a812-3268db0b0342/3/A.png
D. navigation_images/6fd90f8d-7a4d-425d-a812-3268db0b0342/3/C.png
E. navigation_images/6fd90f8d-7a4d-425d-a812-3268db0b0342/3/E.png",navigation_images/6fd90f8d-7a4d-425d-a812-3268db0b0342/3/D.png,navigation_images/6fd90f8d-7a4d-425d-a812-3268db0b0342/3/B.png,navigation_images/6fd90f8d-7a4d-425d-a812-3268db0b0342/3/A.png,navigation_images/6fd90f8d-7a4d-425d-a812-3268db0b0342/3/C.png,navigation_images/6fd90f8d-7a4d-425d-a812-3268db0b0342/3/E.png,3598.03,"Cleaning / laundry, Cooking, Eating, Gardening, Indoor Navigation (walking), Making coffee, Playing with pets, Talking on the phone, Talking with family members, Watching tv",kaust,GoPro Hero Black 7
17,6fd90f8d-7a4d-425d-a812-3268db0b0342,6fd90f8d-7a4d-425d-a812-3268db0b0342_7_23,Select the correct statement about spatial relationships depicted in the video,reasoning/spatial/relationship,N/A,"A. The kettle is on a shelf directly above the kitchen counter.
B. The cabinet is positioned to the left of the plastic box, near the doorway.
C. The chopping board is hanging on a hook directly behind the fridge.
D. The frying pan is placed on a drying mat behind the sink.
E. The dining table is placed in the center of the room, facing the television.",The kettle is on a shelf directly above the kitchen counter.,"The cabinet is positioned to the left of the plastic box, near the doorway.",The chopping board is hanging on a hook directly behind the fridge.,The frying pan is placed on a drying mat behind the sink.,"The dining table is placed in the center of the room, facing the television.",3598.03,"Cleaning / laundry, Cooking, Eating, Gardening, Indoor Navigation (walking), Making coffee, Playing with pets, Talking on the phone, Talking with family members, Watching tv",kaust,GoPro Hero Black 7
18,6fd90f8d-7a4d-425d-a812-3268db0b0342,6fd90f8d-7a4d-425d-a812-3268db0b0342_18_16,"Identify the unique individuals the camera wearer interacted with in the video, and specify their genders where applicable.",perception/tracking,N/A,"A. 3 Men
B. 2 Men
C. 1 Man, 1 Woman
D. 1 Man
E. 2 Men, 1 Woman",3 Men,2 Men,"1 Man, 1 Woman",1 Man,"2 Men, 1 Woman",3598.03,"Cleaning / laundry, Cooking, Eating, Gardening, Indoor Navigation (walking), Making coffee, Playing with pets, Talking on the phone, Talking with family members, Watching tv",kaust,GoPro Hero Black 7
19,6fd90f8d-7a4d-425d-a812-3268db0b0342,6fd90f8d-7a4d-425d-a812-3268db0b0342_8_24,"What was more time-consuming for the camera wearer, managing personal items or arranging books and stationery?",reasoning/temporal/duration,N/A,"A. No books were arranged.
B. Managing personal items took longer.
C. Both tasks were equally time-consuming.
D. No personal items were managed.
E. Arranging books and stationery took longer.",No books were arranged.,Managing personal items took longer.,Both tasks were equally time-consuming.,No personal items were managed.,Arranging books and stationery took longer.,3598.03,"Cleaning / laundry, Cooking, Eating, Gardening, Indoor Navigation (walking), Making coffee, Playing with pets, Talking on the phone, Talking with family members, Watching tv",kaust,GoPro Hero Black 7
20,6fd90f8d-7a4d-425d-a812-3268db0b0342,6fd90f8d-7a4d-425d-a812-3268db0b0342_1_1,Why does the camera wearer open the tap for the second time?,reasoning/causal,N/A,"A. To wash a knife
B. To wash a cutting board
C. To wash a bowl
D. To fill a water bottle 
E. To wash his hands",To wash a knife,To wash a cutting board,To wash a bowl,To fill a water bottle,To wash his hands,3598.03,"Cleaning / laundry, Cooking, Eating, Gardening, Indoor Navigation (walking), Making coffee, Playing with pets, Talking on the phone, Talking with family members, Watching tv",kaust,GoPro Hero Black 7
21,6fd90f8d-7a4d-425d-a812-3268db0b0342,6fd90f8d-7a4d-425d-a812-3268db0b0342_17_36,Identify the unique technology objects that the camera wearer interacted with in the video.,perception/information_retrieval/factual_recall,N/A,"A. Phone, Television, Smartwatch
B. Phone, Television, Computer
C. Phone, Television
D. Phone, Television, Radio
E. Phone, Television, Tablet","Phone, Television, Smartwatch","Phone, Television, Computer","Phone, Television","Phone, Television, Radio","Phone, Television, Tablet",3598.03,"Cleaning / laundry, Cooking, Eating, Gardening, Indoor Navigation (walking), Making coffee, Playing with pets, Talking on the phone, Talking with family members, Watching tv",kaust,GoPro Hero Black 7
22,6fd90f8d-7a4d-425d-a812-3268db0b0342,6fd90f8d-7a4d-425d-a812-3268db0b0342_4_1,Which item was cleaned more often in the sink during the cooking activity: the knife or the wooden spoon?,reasoning/temporal/frequency,N/A,"A. Both the knife and the wooden spoon were cleaned with the same frequency in the sink.
B. The sink was not used for cleaning any items during the cooking activity.
C. The wooden spoon was cleaned more often in the sink.
D. Neither the knife nor the wooden spoon was cleaned in the sink.
E. The knife was cleaned more often in the sink.",Both the knife and the wooden spoon were cleaned with the same frequency in the sink.,The sink was not used for cleaning any items during the cooking activity.,The wooden spoon was cleaned more often in the sink.,Neither the knife nor the wooden spoon was cleaned in the sink.,The knife was cleaned more often in the sink.,3598.03,"Cleaning / laundry, Cooking, Eating, Gardening, Indoor Navigation (walking), Making coffee, Playing with pets, Talking on the phone, Talking with family members, Watching tv",kaust,GoPro Hero Black 7
23,6fd90f8d-7a4d-425d-a812-3268db0b0342,6fd90f8d-7a4d-425d-a812-3268db0b0342_4_41,"During the breakfast preparation, which item was used more frequently to hold food: the pan or the chopping board?",reasoning/temporal/frequency,N/A,"A. Food was held in hand, without the use of the pan or the chopping board.
B. The chopping board was used more frequently to hold food.
C. Food was not held with either the pan or the chopping board.
D. The pan was used more frequently to hold food.
E. Both the pan and the chopping board were used with the same frequency to hold food.","Food was held in hand, without the use of the pan or the chopping board.",The chopping board was used more frequently to hold food.,Food was not held with either the pan or the chopping board.,The pan was used more frequently to hold food.,Both the pan and the chopping board were used with the same frequency to hold food.,3598.03,"Cleaning / laundry, Cooking, Eating, Gardening, Indoor Navigation (walking), Making coffee, Playing with pets, Talking on the phone, Talking with family members, Watching tv",kaust,GoPro Hero Black 7
24,6fd90f8d-7a4d-425d-a812-3268db0b0342,6fd90f8d-7a4d-425d-a812-3268db0b0342_16_5,How can you retrieve the multi-colored tent from the bathroom? ,navigation/object_retrieval_image,N/A,"A. navigation_images/6fd90f8d-7a4d-425d-a812-3268db0b0342/4/D.png
B. navigation_images/6fd90f8d-7a4d-425d-a812-3268db0b0342/4/C.png
C. navigation_images/6fd90f8d-7a4d-425d-a812-3268db0b0342/4/B.png
D. navigation_images/6fd90f8d-7a4d-425d-a812-3268db0b0342/4/E.png
E. navigation_images/6fd90f8d-7a4d-425d-a812-3268db0b0342/4/A.png",navigation_images/6fd90f8d-7a4d-425d-a812-3268db0b0342/4/D.png,navigation_images/6fd90f8d-7a4d-425d-a812-3268db0b0342/4/C.png,navigation_images/6fd90f8d-7a4d-425d-a812-3268db0b0342/4/B.png,navigation_images/6fd90f8d-7a4d-425d-a812-3268db0b0342/4/E.png,navigation_images/6fd90f8d-7a4d-425d-a812-3268db0b0342/4/A.png,3598.03,"Cleaning / laundry, Cooking, Eating, Gardening, Indoor Navigation (walking), Making coffee, Playing with pets, Talking on the phone, Talking with family members, Watching tv",kaust,GoPro Hero Black 7
25,6fd90f8d-7a4d-425d-a812-3268db0b0342,6fd90f8d-7a4d-425d-a812-3268db0b0342_8_9,"Which event lasted longer, the camera wearer's interaction with technology or tending to the plants outside?",reasoning/temporal/duration,N/A,"A. Tending to the plants outside took longer.
B. Both events had the same duration..
C. There was no interaction with technology.
D. Interacting with technology took longer.
E. The plants outside were not tended to.",Tending to the plants outside took longer.,Both events had the same duration..,There was no interaction with technology.,Interacting with technology took longer.,The plants outside were not tended to.,3598.03,"Cleaning / laundry, Cooking, Eating, Gardening, Indoor Navigation (walking), Making coffee, Playing with pets, Talking on the phone, Talking with family members, Watching tv",kaust,GoPro Hero Black 7
26,6fd90f8d-7a4d-425d-a812-3268db0b0342,6fd90f8d-7a4d-425d-a812-3268db0b0342_4_18,Select the correct statement regarding frequencies of different object usage in the video,reasoning/temporal/frequency,N/A,"A. The wooden spoon was cleaned more often in the sink compared to the knife during the cooking activity.
B. The food was torn by hand, not cut with the knife or the eggshell during food preparation.
C. Food was transferred by hand, without the use of the wooden spoon or the serving spoon during meal preparation.
D. The sink was not used for cleaning any items during the cooking activity.
E. The contents of the frying pan were stirred without the use of any utensils during the cooking activity.",The wooden spoon was cleaned more often in the sink compared to the knife during the cooking activity.,"The food was torn by hand, not cut with the knife or the eggshell during food preparation.","Food was transferred by hand, without the use of the wooden spoon or the serving spoon during meal preparation.",The sink was not used for cleaning any items during the cooking activity.,The contents of the frying pan were stirred without the use of any utensils during the cooking activity.,3598.03,"Cleaning / laundry, Cooking, Eating, Gardening, Indoor Navigation (walking), Making coffee, Playing with pets, Talking on the phone, Talking with family members, Watching tv",kaust,GoPro Hero Black 7
27,6fd90f8d-7a4d-425d-a812-3268db0b0342,6fd90f8d-7a4d-425d-a812-3268db0b0342_13_1,How can you get to the storage room from the living room? ,navigation/room_to_room,N/A,"A. Walk towards the front door then turn right. Walk forward to the end of the hallway. Go through the door on the left, and then through the door on the left again into the storage room. 
B. Walk forward and through the door. Turn right, walk forward, and go through the door on the right into the storage room. 
C. Walk forward and go through the first door on the right into the storage room. 
D. Walk towards the front door then turn right. Walk forward to the end of the hallway. Go through the door on the left, and turn right. Walk forward and go through the door on the right into the storage room. 
E. Walk towards the front door then turn right. Walk forward past the kitchen and go through the door to the storage room.","Walk towards the front door then turn right. Walk forward to the end of the hallway. Go through the door on the left, and then through the door on the left again into the storage room.","Walk forward and through the door. Turn right, walk forward, and go through the door on the right into the storage room.",Walk forward and go through the first door on the right into the storage room.,"Walk towards the front door then turn right. Walk forward to the end of the hallway. Go through the door on the left, and turn right. Walk forward and go through the door on the right into the storage room.",Walk towards the front door then turn right. Walk forward past the kitchen and go through the door to the storage room.,3598.03,"Cleaning / laundry, Cooking, Eating, Gardening, Indoor Navigation (walking), Making coffee, Playing with pets, Talking on the phone, Talking with family members, Watching tv",kaust,GoPro Hero Black 7
28,6fd90f8d-7a4d-425d-a812-3268db0b0342,6fd90f8d-7a4d-425d-a812-3268db0b0342_17_5,Select the unique tools used by the camera wearer in the video.,perception/information_retrieval/factual_recall,N/A,"A. Frying pan, knife, cutting board, plate, mug, container, sponge, pen, chair, cat toy stick, scissors.
B. Frying pan, knife, cutting board, plate, mug, container, sponge, pen, chair, scissors.
C. Frying pan, knife, cutting board, plate, mug, container, sponge, pen, chair, cat toy stick, paint brush.
D. Frying pan, knife, cutting board, plate, mug, container, sponge, pen, chair, paint brush.
E. Frying pan, knife, cutting board, plate, mug, container, sponge, pen, chair, paint brush, hammer.","Frying pan, knife, cutting board, plate, mug, container, sponge, pen, chair, cat toy stick, scissors.","Frying pan, knife, cutting board, plate, mug, container, sponge, pen, chair, scissors.","Frying pan, knife, cutting board, plate, mug, container, sponge, pen, chair, cat toy stick, paint brush.","Frying pan, knife, cutting board, plate, mug, container, sponge, pen, chair, paint brush.","Frying pan, knife, cutting board, plate, mug, container, sponge, pen, chair, paint brush, hammer.",3598.03,"Cleaning / laundry, Cooking, Eating, Gardening, Indoor Navigation (walking), Making coffee, Playing with pets, Talking on the phone, Talking with family members, Watching tv",kaust,GoPro Hero Black 7
29,6fd90f8d-7a4d-425d-a812-3268db0b0342,6fd90f8d-7a4d-425d-a812-3268db0b0342_20_1,Which image correctly depicts the spatial layout explored by the camera wearer?,reasoning/spatial/layout,N/A,"A. spatial_layout_images/6fd90f8d-7a4d-425d-a812-3268db0b0342/0/E.png
B. spatial_layout_images/6fd90f8d-7a4d-425d-a812-3268db0b0342/0/A.png
C. spatial_layout_images/6fd90f8d-7a4d-425d-a812-3268db0b0342/0/C.png
D. spatial_layout_images/6fd90f8d-7a4d-425d-a812-3268db0b0342/0/D.png
E. spatial_layout_images/6fd90f8d-7a4d-425d-a812-3268db0b0342/0/B.png",spatial_layout_images/6fd90f8d-7a4d-425d-a812-3268db0b0342/0/E.png,spatial_layout_images/6fd90f8d-7a4d-425d-a812-3268db0b0342/0/A.png,spatial_layout_images/6fd90f8d-7a4d-425d-a812-3268db0b0342/0/C.png,spatial_layout_images/6fd90f8d-7a4d-425d-a812-3268db0b0342/0/D.png,spatial_layout_images/6fd90f8d-7a4d-425d-a812-3268db0b0342/0/B.png,3598.03,"Cleaning / laundry, Cooking, Eating, Gardening, Indoor Navigation (walking), Making coffee, Playing with pets, Talking on the phone, Talking with family members, Watching tv",kaust,GoPro Hero Black 7
30,6fd90f8d-7a4d-425d-a812-3268db0b0342,6fd90f8d-7a4d-425d-a812-3268db0b0342_11_29,List the events in the order they occurred after the camera wearer retrieves an egg tray from the fridge.,perception/information_retrieval/sequence_recall,N/A,"A. 1. Start cutting the sausage on the cutting board, 2. Put the egg plate back in the refrigerator, 3. Use cooking oil
B. 1. Puts the egg tray back in the fridge, 2. Uses cooking oil, 3. Begins to cut sausage on a chopping board
C. 1. Begins to cut sausage on a chopping board, 2. Puts the egg tray back in the fridge, 3. Uses cooking oil
D. 1. Uses cooking oil, 2. Begins to cut sausage on a chopping board, 3. Puts the egg tray back in the fridge
E. 1. Begins to cut sausage on a chopping board, 2. Uses cooking oil, 3. Puts the egg tray back in the fridge","1. Start cutting the sausage on the cutting board, 2. Put the egg plate back in the refrigerator, 3. Use cooking oil","1. Puts the egg tray back in the fridge, 2. Uses cooking oil, 3. Begins to cut sausage on a chopping board","1. Begins to cut sausage on a chopping board, 2. Puts the egg tray back in the fridge, 3. Uses cooking oil","1. Uses cooking oil, 2. Begins to cut sausage on a chopping board, 3. Puts the egg tray back in the fridge","1. Begins to cut sausage on a chopping board, 2. Uses cooking oil, 3. Puts the egg tray back in the fridge",3598.03,"Cleaning / laundry, Cooking, Eating, Gardening, Indoor Navigation (walking), Making coffee, Playing with pets, Talking on the phone, Talking with family members, Watching tv",kaust,GoPro Hero Black 7
31,6fd90f8d-7a4d-425d-a812-3268db0b0342,6fd90f8d-7a4d-425d-a812-3268db0b0342_6_6,Select the correct statement about spatial proximity depicted in the video,reasoning/spatial/proximity,N/A,"A. The dining table is positioned exactly midway between the television and the kitchen sink in the house.
B. Both the container and the plastic cup are on the window shelf in the kitchen.
C. The television is closer to the dining table than the kitchen sink.
D. The mobile phone is closer to the chair than the television in the living room.
E. The chopping board is closer to the fridge than the sink in the kitchen.",The dining table is positioned exactly midway between the television and the kitchen sink in the house.,Both the container and the plastic cup are on the window shelf in the kitchen.,The television is closer to the dining table than the kitchen sink.,The mobile phone is closer to the chair than the television in the living room.,The chopping board is closer to the fridge than the sink in the kitchen.,3598.03,"Cleaning / laundry, Cooking, Eating, Gardening, Indoor Navigation (walking), Making coffee, Playing with pets, Talking on the phone, Talking with family members, Watching tv",kaust,GoPro Hero Black 7
32,6fd90f8d-7a4d-425d-a812-3268db0b0342,6fd90f8d-7a4d-425d-a812-3268db0b0342_13_2,How can you get to the living room from the kitchen? ,navigation/room_to_room,N/A,"A. Walk forward and turn left. Walk forward until the staircase and then turn left into the living room. 
B. Exit the kitchen and turn right. Walk until the end of the hallway and turn right into the living room. 
C. Walk forward and turn left. Walk forward and take the first entrance on the left into the living room. 
D. There is a door to the the living room inside the kitchen. 
E. There is a door to the living room inside the kitchen on the opposite side of the dining table.",Walk forward and turn left. Walk forward until the staircase and then turn left into the living room.,Exit the kitchen and turn right. Walk until the end of the hallway and turn right into the living room.,Walk forward and turn left. Walk forward and take the first entrance on the left into the living room.,There is a door to the the living room inside the kitchen.,There is a door to the living room inside the kitchen on the opposite side of the dining table.,3598.03,"Cleaning / laundry, Cooking, Eating, Gardening, Indoor Navigation (walking), Making coffee, Playing with pets, Talking on the phone, Talking with family members, Watching tv",kaust,GoPro Hero Black 7
33,6fd90f8d-7a4d-425d-a812-3268db0b0342,6fd90f8d-7a4d-425d-a812-3268db0b0342_3_32,"After the camera wearer engages in arranging a puzzle and tidying the room, what activity are they likely to undertake next according to the video?",reasoning/predictive,00:39:30,"A. The camera wearer will likely manage personal items by placing a card in her purse, organizing remotes into a box, and dusting off the ladder.
B. The camera wearer will likely manage personal items by placing a card in her wallet and sorting remotes into a drawer.
C. The camera wearer will likely manage personal items by placing a card in her purse, organizing remotes into a holder, and labeling containers in the pantry.
D. The camera wearer will likely manage personal items by placing a card in her wallet.
E. The camera wearer will likely manage personal items by placing a card in her purse and organizing remotes into a holder.","The camera wearer will likely manage personal items by placing a card in her purse, organizing remotes into a box, and dusting off the ladder.",The camera wearer will likely manage personal items by placing a card in her wallet and sorting remotes into a drawer.,"The camera wearer will likely manage personal items by placing a card in her purse, organizing remotes into a holder, and labeling containers in the pantry.",The camera wearer will likely manage personal items by placing a card in her wallet.,The camera wearer will likely manage personal items by placing a card in her purse and organizing remotes into a holder.,3598.03,"Cleaning / laundry, Cooking, Eating, Gardening, Indoor Navigation (walking), Making coffee, Playing with pets, Talking on the phone, Talking with family members, Watching tv",kaust,GoPro Hero Black 7
34,6fd90f8d-7a4d-425d-a812-3268db0b0342,6fd90f8d-7a4d-425d-a812-3268db0b0342_14_4,How can you retrieve the gray phone from the bathroom? ,navigation/object_retrieval,N/A,"A. Exit the bathroom and turn left into the kitchen. The phone is on the kitchen countertop next to the sink. 
B. Exit the bathroom and go through the door on the right. Turn right, walk forward, and take the second entrance on the left to the dining table. The phone is on the shelf next to the table. 
C. Exit the bathroom and go through the door on the right. Walk forward into the kitchen, and the phone is on the countertop next to the sink.  
D. Exit the bathroom and go through the door on the right. Turn right, walk forward, and take the first entrance on the left to the dining table. The phone is on the shelf next to the table. 
E. Exit the bathroom and walk forward. Take the first entrance on the left to the dining table. The phone is on the shelf next to the table.",Exit the bathroom and turn left into the kitchen. The phone is on the kitchen countertop next to the sink.,"Exit the bathroom and go through the door on the right. Turn right, walk forward, and take the second entrance on the left to the dining table. The phone is on the shelf next to the table.","Exit the bathroom and go through the door on the right. Walk forward into the kitchen, and the phone is on the countertop next to the sink.","Exit the bathroom and go through the door on the right. Turn right, walk forward, and take the first entrance on the left to the dining table. The phone is on the shelf next to the table.",Exit the bathroom and walk forward. Take the first entrance on the left to the dining table. The phone is on the shelf next to the table.,3598.03,"Cleaning / laundry, Cooking, Eating, Gardening, Indoor Navigation (walking), Making coffee, Playing with pets, Talking on the phone, Talking with family members, Watching tv",kaust,GoPro Hero Black 7
35,6fd90f8d-7a4d-425d-a812-3268db0b0342,6fd90f8d-7a4d-425d-a812-3268db0b0342_18_17,List the unique pets the camera wearer interacted with throughout the video.,perception/tracking,N/A,"A. 1 Parrot
B. 1 Cat, 1 Dog
C. 2 Cats
D. 1 Dog
E. 1 Cat",1 Parrot,"1 Cat, 1 Dog",2 Cats,1 Dog,1 Cat,3598.03,"Cleaning / laundry, Cooking, Eating, Gardening, Indoor Navigation (walking), Making coffee, Playing with pets, Talking on the phone, Talking with family members, Watching tv",kaust,GoPro Hero Black 7
36,6fd90f8d-7a4d-425d-a812-3268db0b0342,6fd90f8d-7a4d-425d-a812-3268db0b0342_8_31,Select the correct statement regarding time duration of different events in the video,reasoning/temporal/duration,N/A,"A. Preparing and cooking the meal and cleaning up after the meal took the same amount of time.
B. Managing personal items took longer than arranging books and stationery.
C. The kitchen was organized in a shorter time than the breakfast activities with the man.
D. Both activities of eating the meal with the man and cleaning and storing kitchen items afterwards had equal time durations.
E. Arranging books and stationery took longer than managing personal items.",Preparing and cooking the meal and cleaning up after the meal took the same amount of time.,Managing personal items took longer than arranging books and stationery.,The kitchen was organized in a shorter time than the breakfast activities with the man.,Both activities of eating the meal with the man and cleaning and storing kitchen items afterwards had equal time durations.,Arranging books and stationery took longer than managing personal items.,3598.03,"Cleaning / laundry, Cooking, Eating, Gardening, Indoor Navigation (walking), Making coffee, Playing with pets, Talking on the phone, Talking with family members, Watching tv",kaust,GoPro Hero Black 7
37,6fd90f8d-7a4d-425d-a812-3268db0b0342,6fd90f8d-7a4d-425d-a812-3268db0b0342_8_26,Select the correct statement regarding time duration of different events in the video,reasoning/temporal/duration,N/A,"A. Breakfast activities with the man took longer than organizing the kitchen.
B. Arranging books and stationery was less time-consuming than managing personal items.
C. Cleaning up after the meal and preparing and cooking the meal had the same time duration.
D. Interacting with technology and tending to the plants outside were equally time-consuming.
E. Organizing the kitchen took longer than breakfast activities with the man.",Breakfast activities with the man took longer than organizing the kitchen.,Arranging books and stationery was less time-consuming than managing personal items.,Cleaning up after the meal and preparing and cooking the meal had the same time duration.,Interacting with technology and tending to the plants outside were equally time-consuming.,Organizing the kitchen took longer than breakfast activities with the man.,3598.03,"Cleaning / laundry, Cooking, Eating, Gardening, Indoor Navigation (walking), Making coffee, Playing with pets, Talking on the phone, Talking with family members, Watching tv",kaust,GoPro Hero Black 7
38,6fd90f8d-7a4d-425d-a812-3268db0b0342,6fd90f8d-7a4d-425d-a812-3268db0b0342_12_28,How long after the camera wearer organizes the dining area with glasses of water does she pick up a helmet?,perception/information_retrieval/temporal_distance,N/A,"A. About 5 mins
B. Roughly 15 mins
C. More than 20 mins
D. Immediately after
E. About 10 mins",About 5 mins,Roughly 15 mins,More than 20 mins,Immediately after,About 10 mins,3598.03,"Cleaning / laundry, Cooking, Eating, Gardening, Indoor Navigation (walking), Making coffee, Playing with pets, Talking on the phone, Talking with family members, Watching tv",kaust,GoPro Hero Black 7
39,6fd90f8d-7a4d-425d-a812-3268db0b0342,6fd90f8d-7a4d-425d-a812-3268db0b0342_21_11,Describe the sequence of activities the camera wearer performed related to meal preparation and serving.,summarization/temporal_sequencing,N/A,"A. The camera wearer started the process by dining and conversing, then transitioned to serving the meal, and finally ended with carefully preparing and cooking the food.
B. The camera wearer began by handling kitchen items, preparing food, and interacting with individuals, followed by cooking and serving onto plates.
C. The camera wearer began by handling kitchen items, preparing food, and interacting with individuals, followed by organizing the dining area with additional decorations, and finally dining with others.
D. The camera wearer began by handling kitchen items, preparing food, and interacting with individuals, followed by cooking, and finally dining with others while also setting up a music playlist.
E. The camera wearer began by handling kitchen items, preparing food, and interacting with individuals, followed by serving onto bowls, and organizing the dining area before finally dining with others.","The camera wearer started the process by dining and conversing, then transitioned to serving the meal, and finally ended with carefully preparing and cooking the food.","The camera wearer began by handling kitchen items, preparing food, and interacting with individuals, followed by cooking and serving onto plates.","The camera wearer began by handling kitchen items, preparing food, and interacting with individuals, followed by organizing the dining area with additional decorations, and finally dining with others.","The camera wearer began by handling kitchen items, preparing food, and interacting with individuals, followed by cooking, and finally dining with others while also setting up a music playlist.","The camera wearer began by handling kitchen items, preparing food, and interacting with individuals, followed by serving onto bowls, and organizing the dining area before finally dining with others.",3598.03,"Cleaning / laundry, Cooking, Eating, Gardening, Indoor Navigation (walking), Making coffee, Playing with pets, Talking on the phone, Talking with family members, Watching tv",kaust,GoPro Hero Black 7
40,6fd90f8d-7a4d-425d-a812-3268db0b0342,6fd90f8d-7a4d-425d-a812-3268db0b0342_7_21,Where is the chopping board located in relation to the fridge in the kitchen?,reasoning/spatial/relationship,N/A,"A. The chopping board is mounted on the wall to the left of the fridge.
B. The chopping board is placed on a shelf to the right of the fridge.
C. The chopping board is hanging on a hook directly behind the fridge.
D. The chopping board is kept in a drawer underneath the fridge.
E. The chopping board is stored in the cabinet above the fridge.",The chopping board is mounted on the wall to the left of the fridge.,The chopping board is placed on a shelf to the right of the fridge.,The chopping board is hanging on a hook directly behind the fridge.,The chopping board is kept in a drawer underneath the fridge.,The chopping board is stored in the cabinet above the fridge.,3598.03,"Cleaning / laundry, Cooking, Eating, Gardening, Indoor Navigation (walking), Making coffee, Playing with pets, Talking on the phone, Talking with family members, Watching tv",kaust,GoPro Hero Black 7
41,6fd90f8d-7a4d-425d-a812-3268db0b0342,6fd90f8d-7a4d-425d-a812-3268db0b0342_5_39,What were the prerequisite steps followed by the camera wearer to clean up after the meal?,reasoning/temporal/prerequisites,N/A,"A. Put a plate in the drying rack, interact with a bottle and a cleaning brush, rinse dishes, and reorganize the kitchen by placing a tea box and other items in the cupboard.
B. Place a bowl in the dishwasher, examine a bottle, scrub dishes, and tidy the kitchen by storing a vitamin bottle and other items.
C. Put a plate in the sink, wash dishes, and organize the kitchen by putting away a medicine sachet.
D. Put a plate in the sink, interact with a bottle and a sponge, wash dishes, and organize the kitchen by putting away a medicine sachet, spices, and other items.
E. Put a plate in the sink, interact with a bottle, wash dishes, and organize the kitchen by putting away a medicine sachet and other items.","Put a plate in the drying rack, interact with a bottle and a cleaning brush, rinse dishes, and reorganize the kitchen by placing a tea box and other items in the cupboard.","Place a bowl in the dishwasher, examine a bottle, scrub dishes, and tidy the kitchen by storing a vitamin bottle and other items.","Put a plate in the sink, wash dishes, and organize the kitchen by putting away a medicine sachet.","Put a plate in the sink, interact with a bottle and a sponge, wash dishes, and organize the kitchen by putting away a medicine sachet, spices, and other items.","Put a plate in the sink, interact with a bottle, wash dishes, and organize the kitchen by putting away a medicine sachet and other items.",3598.03,"Cleaning / laundry, Cooking, Eating, Gardening, Indoor Navigation (walking), Making coffee, Playing with pets, Talking on the phone, Talking with family members, Watching tv",kaust,GoPro Hero Black 7
42,6fd90f8d-7a4d-425d-a812-3268db0b0342,6fd90f8d-7a4d-425d-a812-3268db0b0342_15_2,How can you get to the living room from the kitchen? ,navigation/room_to_room_image,N/A,"A. navigation_images/6fd90f8d-7a4d-425d-a812-3268db0b0342/1/A.png
B. navigation_images/6fd90f8d-7a4d-425d-a812-3268db0b0342/1/C.png
C. navigation_images/6fd90f8d-7a4d-425d-a812-3268db0b0342/1/B.png
D. navigation_images/6fd90f8d-7a4d-425d-a812-3268db0b0342/1/D.png
E. navigation_images/6fd90f8d-7a4d-425d-a812-3268db0b0342/1/E.png",navigation_images/6fd90f8d-7a4d-425d-a812-3268db0b0342/1/A.png,navigation_images/6fd90f8d-7a4d-425d-a812-3268db0b0342/1/C.png,navigation_images/6fd90f8d-7a4d-425d-a812-3268db0b0342/1/B.png,navigation_images/6fd90f8d-7a4d-425d-a812-3268db0b0342/1/D.png,navigation_images/6fd90f8d-7a4d-425d-a812-3268db0b0342/1/E.png,3598.03,"Cleaning / laundry, Cooking, Eating, Gardening, Indoor Navigation (walking), Making coffee, Playing with pets, Talking on the phone, Talking with family members, Watching tv",kaust,GoPro Hero Black 7
